-- MySQL dump 10.13  Distrib 8.0.25, for Win64 (x86_64)
--
-- Host: localhost    Database: railwaysystem
-- ------------------------------------------------------
-- Server version	8.0.25

/*!40101 SET @OLD_CHARACTER_SET_CLIENT=@@CHARACTER_SET_CLIENT */;
/*!40101 SET @OLD_CHARACTER_SET_RESULTS=@@CHARACTER_SET_RESULTS */;
/*!40101 SET @OLD_COLLATION_CONNECTION=@@COLLATION_CONNECTION */;
/*!50503 SET NAMES utf8mb4 */;
/*!40103 SET @OLD_TIME_ZONE=@@TIME_ZONE */;
/*!40103 SET TIME_ZONE='+00:00' */;
/*!40014 SET @OLD_UNIQUE_CHECKS=@@UNIQUE_CHECKS, UNIQUE_CHECKS=0 */;
/*!40014 SET @OLD_FOREIGN_KEY_CHECKS=@@FOREIGN_KEY_CHECKS, FOREIGN_KEY_CHECKS=0 */;
/*!40101 SET @OLD_SQL_MODE=@@SQL_MODE, SQL_MODE='NO_AUTO_VALUE_ON_ZERO' */;
/*!40111 SET @OLD_SQL_NOTES=@@SQL_NOTES, SQL_NOTES=0 */;

--
-- Table structure for table `booking`
--

DROP TABLE IF EXISTS `booking`;
/*!40101 SET @saved_cs_client     = @@character_set_client */;
/*!50503 SET character_set_client = utf8mb4 */;
CREATE TABLE `booking` (
  `uname` varchar(15) NOT NULL,
  `Tnumber` int NOT NULL,
  `class` varchar(2) NOT NULL,
  `doj` date NOT NULL,
  `DOB` date NOT NULL,
  `fromstn` varchar(15) NOT NULL,
  `tostn` varchar(15) NOT NULL,
  `Name` varchar(15) NOT NULL,
  `Age` int NOT NULL,
  `sex` varchar(10) NOT NULL,
  `Status` varchar(20) NOT NULL
) ENGINE=MyISAM DEFAULT CHARSET=latin1;
/*!40101 SET character_set_client = @saved_cs_client */;

--
-- Dumping data for table `booking`
--

LOCK TABLES `booking` WRITE;
/*!40000 ALTER TABLE `booking` DISABLE KEYS */;
INSERT INTO `booking` VALUES ('rishabh',12009,'2A','2017-04-28','2017-04-26','SURAT','BARODA','rishabh',20,'male','Confirmed'),('ayush',19011,'1A','2017-04-30','2017-04-26','SURAT','BARODA','ayush',21,'male','Confirmed'),('rakesh',12932,'1A','2017-05-31','2017-04-26','SURAT','BARODA','alu',45,'male','Confirmed'),('rahul',12932,'1A','2017-05-31','2017-04-26','SURAT','BARODA','kachalu',55,'male','Confirmed'),('ayush',12932,'1A','2017-05-31','2017-04-26','SURAT','BARODA','nilu',35,'female','Confirmed'),('bharat',12932,'1A','2017-05-31','2017-04-26','SURAT','BARODA','sheela',48,'female','Confirmed'),('bhavana',12932,'1A','2017-05-31','2017-04-26','SURAT','BARODA','pyari',79,'female','Confirmed'),('mahesh',12932,'1A','2017-05-31','2017-04-26','SURAT','ANAND','hola',25,'male','Waiting'),('suresh',12932,'1A','2017-05-31','2017-04-26','SURAT','ANAND','bahr',89,'male','Waiting'),('rishi',12932,'1A','2017-05-31','2017-04-26','SURAT','ANAND','ebola',45,'male','Waiting'),('arya',12009,'1A','2017-04-26','2017-04-26','SURAT','SURAT','ayush',4,'male','Confirmed'),('Ankit',12009,'SL','2017-04-27','2017-04-27','SURAT','BARODA','ayush',15,'male','Confirmed'),('amulya',12931,'3A','2017-04-28','2017-04-28','SURAT','ANAND','akhil',15,'male','Confirmed'),('anu',12932,'2A','2017-05-31','2017-04-28','SURAT','ANAND','smatrt',56,'male','Confirmed'),('mala',12932,'2A','2017-05-31','2017-04-28','SURAT','ANAND','ahjs',56,'male','Confirmed');
/*!40000 ALTER TABLE `booking` ENABLE KEYS */;
UNLOCK TABLES;

--
-- Table structure for table `interlist`
--

DROP TABLE IF EXISTS `interlist`;
/*!40101 SET @saved_cs_client     = @@character_set_client */;
/*!50503 SET character_set_client = utf8mb4 */;
CREATE TABLE `interlist` (
  `Number` int DEFAULT NULL,
  `st1` varchar(10) DEFAULT NULL,
  `st1arri` varchar(10) DEFAULT NULL,
  `st2` varchar(10) DEFAULT NULL,
  `st2arri` varchar(10) DEFAULT NULL,
  `st3` varchar(10) DEFAULT NULL,
  `st3arri` varchar(10) DEFAULT NULL,
  `st4` varchar(10) DEFAULT NULL,
  `st4arri` varchar(10) DEFAULT NULL,
  `st5` varchar(10) DEFAULT NULL,
  `st5arri` varchar(10) DEFAULT NULL,
  `Ori` varchar(20) NOT NULL,
  `Oriarri` varchar(10) NOT NULL,
  `Dest` varchar(20) NOT NULL,
  `Desarri` varchar(10) NOT NULL,
  `Name` varchar(20) NOT NULL,
  `Mon` varchar(2) NOT NULL,
  `Tue` varchar(2) NOT NULL,
  `Wed` varchar(2) NOT NULL,
  `Thu` varchar(2) NOT NULL,
  `Fri` varchar(2) NOT NULL,
  `Sat` varchar(2) NOT NULL,
  `Sun` varchar(2) NOT NULL
) ENGINE=InnoDB DEFAULT CHARSET=latin1;
/*!40101 SET character_set_client = @saved_cs_client */;

--
-- Dumping data for table `interlist`
--

LOCK TABLES `interlist` WRITE;
/*!40000 ALTER TABLE `interlist` DISABLE KEYS */;
INSERT INTO `interlist` VALUES (12009,'VAPI','00:15','VALSAD','01:45','SURAT','02:30','BARODA','04:00','ANAND','05:05','BCT','22:15','ADI','06:25','SHATABDI EXP','Y','Y','Y','Y','Y','Y','X'),(12931,'MMCT','07:15','VALSAD','08:45','SURAT','09:30','BARODA','11:30','ANAND','12:45','BCT','06:00','ADI','14:20','ADI DOUBLE DECK','Y','Y','Y','Y','Y','Y','Y'),(12932,'Chennai Ce','19:15','Mysure Jnt','18:45','SURAT','07:30','BARODA','15:30','ANAND','14:05','ADI','13:00','BCT','22:10','BCT DOUBLEDECKE','Y','Y','Y','Y','Y','Y','Y'),(19011,'Dadar','06:26','Boisar','01:50','Maninagar','23:45','Vadodar','20:20','surat','18:10','ADI','16:25','BCT','10:25','GUJARAT EXPRESS','Y','Y','Y','Y','Y','Y','Y'),(22210,'VAPI','00:10','VALSAD','23:50','SURAT','22:25','BARODA','20:05','ANAND','18:20','NDLS','16:15','BCT','01:35','BCT DURONTO','N','N','Y','N','N','N','Y');
/*!40000 ALTER TABLE `interlist` ENABLE KEYS */;
UNLOCK TABLES;

--
-- Table structure for table `seats_availability`
--

DROP TABLE IF EXISTS `seats_availability`;
/*!40101 SET @saved_cs_client     = @@character_set_client */;
/*!50503 SET character_set_client = utf8mb4 */;
CREATE TABLE `seats_availability` (
  `Train_No` int NOT NULL,
  `Train_Name` varchar(20) NOT NULL,
  `doj` date NOT NULL,
  `1A` int NOT NULL,
  `2A` int NOT NULL,
  `3A` int NOT NULL,
  `AC` int NOT NULL,
  `CC` int NOT NULL,
  `SL` int NOT NULL
) ENGINE=MyISAM DEFAULT CHARSET=latin1;
/*!40101 SET character_set_client = @saved_cs_client */;

--
-- Dumping data for table `seats_availability`
--

LOCK TABLES `seats_availability` WRITE;
/*!40000 ALTER TABLE `seats_availability` DISABLE KEYS */;
INSERT INTO `seats_availability` VALUES (12009,'SHATABDI EXP','2017-04-10',5,5,5,5,5,5),(12009,'SHATABDI EXP','2017-04-11',5,5,5,5,5,5),(12009,'SHATABDI EXP','2017-04-12',5,5,5,5,5,5),(12009,'SHATABDI EXP','2017-04-13',5,5,5,5,5,5),(12009,'SHATABDI EXP','2017-04-14',5,5,5,5,5,5),(12009,'SHATABDI EXP','2017-04-15',5,5,5,5,5,5),(12009,'SHATABDI EXP','2017-04-16',5,5,5,5,5,5),(12009,'SHATABDI EXP','2017-04-17',5,5,5,5,5,5),(12009,'SHATABDI EXP','2017-04-18',5,5,5,5,5,5),(12009,'SHATABDI EXP','2017-04-19',5,5,5,5,5,5),(12009,'SHATABDI EXP','2017-04-20',5,5,5,5,5,5),(12009,'SHATABDI EXP','2017-04-21',5,5,5,5,5,5),(12009,'SHATABDI EXP','2017-04-22',5,5,5,5,5,5),(12009,'SHATABDI EXP','2017-04-23',5,5,5,5,5,5),(12009,'SHATABDI EXP','2017-04-24',5,5,5,5,5,5),(12009,'SHATABDI EXP','2017-04-25',5,5,5,5,5,5),(12009,'SHATABDI EXP','2017-04-26',4,5,5,5,5,5),(12009,'SHATABDI EXP','2017-04-27',5,5,5,5,5,4),(12009,'SHATABDI EXP','2017-04-28',5,4,5,5,5,5),(12009,'SHATABDI EXP','2017-04-29',5,5,5,5,5,5),(12009,'SHATABDI EXP','2017-04-30',5,5,5,5,5,5),(12009,'SHATABDI EXP','2017-05-01',5,5,5,5,5,5),(12009,'SHATABDI EXP','2017-05-02',5,5,5,5,5,5),(12009,'SHATABDI EXP','2017-05-03',5,5,5,5,5,5),(12009,'SHATABDI EXP','2017-05-04',5,5,5,5,5,5),(12009,'SHATABDI EXP','2017-05-05',5,5,5,5,5,5),(12009,'SHATABDI EXP','2017-05-06',5,5,5,5,5,5),(12009,'SHATABDI EXP','2017-05-07',5,5,5,5,5,5),(12009,'SHATABDI EXP','2017-05-08',5,5,5,5,5,5),(12009,'SHATABDI EXP','2017-05-09',5,5,5,5,5,5),(12009,'SHATABDI EXP','2017-05-10',5,5,5,5,5,5),(12009,'SHATABDI EXP','2017-05-11',5,5,5,5,5,5),(12009,'SHATABDI EXP','2017-05-12',5,5,5,5,5,5),(12009,'SHATABDI EXP','2017-05-13',5,5,5,5,5,5),(12009,'SHATABDI EXP','2017-05-14',5,5,5,5,5,5),(12009,'SHATABDI EXP','2017-05-15',5,5,5,5,5,5),(12009,'SHATABDI EXP','2017-05-16',5,5,5,5,5,5),(12009,'SHATABDI EXP','2017-05-17',5,5,5,5,5,5),(12009,'SHATABDI EXP','2017-05-18',5,5,5,5,5,5),(12009,'SHATABDI EXP','2017-05-19',5,5,5,5,5,5),(12009,'SHATABDI EXP','2017-05-20',5,5,5,5,5,5),(12009,'SHATABDI EXP','2017-05-21',5,5,5,5,5,5),(12009,'SHATABDI EXP','2017-05-22',5,5,5,5,5,5),(12009,'SHATABDI EXP','2017-05-23',5,5,5,5,5,5),(12009,'SHATABDI EXP','2017-05-24',5,5,5,5,5,5),(12009,'SHATABDI EXP','2017-05-25',5,5,5,5,5,5),(12009,'SHATABDI EXP','2017-05-26',5,5,5,5,5,5),(12009,'SHATABDI EXP','2017-05-27',5,5,5,5,5,5),(12009,'SHATABDI EXP','2017-05-28',5,5,5,5,5,5),(12009,'SHATABDI EXP','2017-05-29',5,5,5,5,5,5),(12009,'SHATABDI EXP','2017-05-30',5,5,5,5,5,5),(12009,'SHATABDI EXP','2017-05-31',5,5,5,5,5,5),(12009,'SHATABDI EXP','2017-06-01',5,5,5,5,5,5),(12009,'SHATABDI EXP','2017-06-02',5,5,5,5,5,5),(12009,'SHATABDI EXP','2017-06-03',5,5,5,5,5,5),(12009,'SHATABDI EXP','2017-06-04',5,5,5,5,5,5),(12009,'SHATABDI EXP','2017-06-05',5,5,5,5,5,5),(12009,'SHATABDI EXP','2017-06-06',5,5,5,5,5,5),(12009,'SHATABDI EXP','2017-06-07',5,5,5,5,5,5),(12009,'SHATABDI EXP','2017-06-08',5,5,5,5,5,5),(12009,'SHATABDI EXP','2017-06-09',5,5,5,5,5,5),(12009,'SHATABDI EXP','2017-06-10',5,5,5,5,5,5),(12009,'SHATABDI EXP','2017-06-11',5,5,5,5,5,5),(12009,'SHATABDI EXP','2017-06-12',5,5,5,5,5,5),(12009,'SHATABDI EXP','2017-06-13',5,5,5,5,5,5),(12009,'SHATABDI EXP','2017-06-14',5,5,5,5,5,5),(12009,'SHATABDI EXP','2017-06-15',5,5,5,5,5,5),(12009,'SHATABDI EXP','2017-06-16',5,5,5,5,5,5),(12009,'SHATABDI EXP','2017-06-17',5,5,5,5,5,5),(12009,'SHATABDI EXP','2017-06-18',5,5,5,5,5,5),(12009,'SHATABDI EXP','2017-06-19',5,5,5,5,5,5),(12009,'SHATABDI EXP','2017-06-20',5,5,5,5,5,5),(12009,'SHATABDI EXP','2017-06-21',5,5,5,5,5,5),(12009,'SHATABDI EXP','2017-06-22',5,5,5,5,5,5),(12009,'SHATABDI EXP','2017-06-23',5,5,5,5,5,5),(12009,'SHATABDI EXP','2017-06-24',5,5,5,5,5,5),(12009,'SHATABDI EXP','2017-06-25',5,5,5,5,5,5),(12009,'SHATABDI EXP','2017-06-26',5,5,5,5,5,5),(12009,'SHATABDI EXP','2017-06-27',5,5,5,5,5,5),(12009,'SHATABDI EXP','2017-06-28',5,5,5,5,5,5),(12009,'SHATABDI EXP','2017-06-29',5,5,5,5,5,5),(12009,'SHATABDI EXP','2017-06-30',5,5,5,5,5,5),(12009,'SHATABDI EXP','2017-07-01',5,5,5,5,5,5),(12009,'SHATABDI EXP','2017-07-02',5,5,5,5,5,5),(12009,'SHATABDI EXP','2017-07-03',5,5,5,5,5,5),(12009,'SHATABDI EXP','2017-07-04',5,5,5,5,5,5),(12009,'SHATABDI EXP','2017-07-05',5,5,5,5,5,5),(12009,'SHATABDI EXP','2017-07-06',5,5,5,5,5,5),(12009,'SHATABDI EXP','2017-07-07',5,5,5,5,5,5),(12009,'SHATABDI EXP','2017-07-08',5,5,5,5,5,5),(12931,'ADI DOUBLE DECK','2017-04-10',5,5,5,5,5,5),(12931,'ADI DOUBLE DECK','2017-04-11',5,5,5,5,5,5),(12931,'ADI DOUBLE DECK','2017-04-12',5,5,5,5,5,5),(12931,'ADI DOUBLE DECK','2017-04-13',5,5,5,5,5,5),(12931,'ADI DOUBLE DECK','2017-04-14',5,5,5,5,5,5),(12931,'ADI DOUBLE DECK','2017-04-15',5,5,5,5,5,5),(12931,'ADI DOUBLE DECK','2017-04-16',5,5,5,5,5,5),(12931,'ADI DOUBLE DECK','2017-04-17',5,5,5,5,5,5),(12931,'ADI DOUBLE DECK','2017-04-18',5,5,5,5,5,5),(12931,'ADI DOUBLE DECK','2017-04-19',5,5,5,5,5,5),(12931,'ADI DOUBLE DECK','2017-04-20',5,5,5,5,5,5),(12931,'ADI DOUBLE DECK','2017-04-21',5,5,5,5,5,5),(12931,'ADI DOUBLE DECK','2017-04-22',5,5,5,5,5,5),(12931,'ADI DOUBLE DECK','2017-04-23',5,5,5,5,5,5),(12931,'ADI DOUBLE DECK','2017-04-24',5,5,5,5,5,5),(12931,'ADI DOUBLE DECK','2017-04-25',5,5,5,5,5,5),(12931,'ADI DOUBLE DECK','2017-04-26',5,5,5,5,5,5),(12931,'ADI DOUBLE DECK','2017-04-27',5,5,5,5,5,5),(12931,'ADI DOUBLE DECK','2017-04-28',5,5,4,5,5,5),(12931,'ADI DOUBLE DECK','2017-04-29',5,5,5,5,5,5),(12931,'ADI DOUBLE DECK','2017-04-30',5,5,5,5,5,5),(12931,'ADI DOUBLE DECK','2017-05-01',5,5,5,5,5,5),(12931,'ADI DOUBLE DECK','2017-05-02',5,5,5,5,5,5),(12931,'ADI DOUBLE DECK','2017-05-03',5,5,5,5,5,5),(12931,'ADI DOUBLE DECK','2017-05-04',5,5,5,5,5,5),(12931,'ADI DOUBLE DECK','2017-05-05',5,5,5,5,5,5),(12931,'ADI DOUBLE DECK','2017-05-06',5,5,5,5,5,5),(12931,'ADI DOUBLE DECK','2017-05-07',5,5,5,5,5,5),(12931,'ADI DOUBLE DECK','2017-05-08',5,5,5,5,5,5),(12931,'ADI DOUBLE DECK','2017-05-09',5,5,5,5,5,5),(12931,'ADI DOUBLE DECK','2017-05-10',5,5,5,5,5,5),(12931,'ADI DOUBLE DECK','2017-05-11',5,5,5,5,5,5),(12931,'ADI DOUBLE DECK','2017-05-12',5,5,5,5,5,5),(12931,'ADI DOUBLE DECK','2017-05-13',5,5,5,5,5,5),(12931,'ADI DOUBLE DECK','2017-05-14',5,5,5,5,5,5),(12931,'ADI DOUBLE DECK','2017-05-15',5,5,5,5,5,5),(12931,'ADI DOUBLE DECK','2017-05-16',5,5,5,5,5,5),(12931,'ADI DOUBLE DECK','2017-05-17',5,5,5,5,5,5),(12931,'ADI DOUBLE DECK','2017-05-18',5,5,5,5,5,5),(12931,'ADI DOUBLE DECK','2017-05-19',5,5,5,5,5,5),(12931,'ADI DOUBLE DECK','2017-05-20',5,5,5,5,5,5),(12931,'ADI DOUBLE DECK','2017-05-21',5,5,5,5,5,5),(12931,'ADI DOUBLE DECK','2017-05-22',5,5,5,5,5,5),(12931,'ADI DOUBLE DECK','2017-05-23',5,5,5,5,5,5),(12931,'ADI DOUBLE DECK','2017-05-24',5,5,5,5,5,5),(12931,'ADI DOUBLE DECK','2017-05-25',5,5,5,5,5,5),(12931,'ADI DOUBLE DECK','2017-05-26',5,5,5,5,5,5),(12931,'ADI DOUBLE DECK','2017-05-27',5,5,5,5,5,5),(12931,'ADI DOUBLE DECK','2017-05-28',5,5,5,5,5,5),(12931,'ADI DOUBLE DECK','2017-05-29',5,5,5,5,5,5),(12931,'ADI DOUBLE DECK','2017-05-30',5,5,5,5,5,5),(12931,'ADI DOUBLE DECK','2017-05-31',5,5,5,5,5,5),(12931,'ADI DOUBLE DECK','2017-06-01',5,5,5,5,5,5),(12931,'ADI DOUBLE DECK','2017-06-02',5,5,5,5,5,5),(12931,'ADI DOUBLE DECK','2017-06-03',5,5,5,5,5,5),(12931,'ADI DOUBLE DECK','2017-06-04',5,5,5,5,5,5),(12931,'ADI DOUBLE DECK','2017-06-05',5,5,5,5,5,5),(12931,'ADI DOUBLE DECK','2017-06-06',5,5,5,5,5,5),(12931,'ADI DOUBLE DECK','2017-06-07',5,5,5,5,5,5),(12931,'ADI DOUBLE DECK','2017-06-08',5,5,5,5,5,5),(12931,'ADI DOUBLE DECK','2017-06-09',5,5,5,5,5,5),(12931,'ADI DOUBLE DECK','2017-06-10',5,5,5,5,5,5),(12931,'ADI DOUBLE DECK','2017-06-11',5,5,5,5,5,5),(12931,'ADI DOUBLE DECK','2017-06-12',5,5,5,5,5,5),(12931,'ADI DOUBLE DECK','2017-06-13',5,5,5,5,5,5),(12931,'ADI DOUBLE DECK','2017-06-14',5,5,5,5,5,5),(12931,'ADI DOUBLE DECK','2017-06-15',5,5,5,5,5,5),(12931,'ADI DOUBLE DECK','2017-06-16',5,5,5,5,5,5),(12931,'ADI DOUBLE DECK','2017-06-17',5,5,5,5,5,5),(12931,'ADI DOUBLE DECK','2017-06-18',5,5,5,5,5,5),(12931,'ADI DOUBLE DECK','2017-06-19',5,5,5,5,5,5),(12931,'ADI DOUBLE DECK','2017-06-20',5,5,5,5,5,5),(12931,'ADI DOUBLE DECK','2017-06-21',5,5,5,5,5,5),(12931,'ADI DOUBLE DECK','2017-06-22',5,5,5,5,5,5),(12931,'ADI DOUBLE DECK','2017-06-23',5,5,5,5,5,5),(12931,'ADI DOUBLE DECK','2017-06-24',5,5,5,5,5,5),(12931,'ADI DOUBLE DECK','2017-06-25',5,5,5,5,5,5),(12931,'ADI DOUBLE DECK','2017-06-26',5,5,5,5,5,5),(12931,'ADI DOUBLE DECK','2017-06-27',5,5,5,5,5,5),(12931,'ADI DOUBLE DECK','2017-06-28',5,5,5,5,5,5),(12931,'ADI DOUBLE DECK','2017-06-29',5,5,5,5,5,5),(12931,'ADI DOUBLE DECK','2017-06-30',5,5,5,5,5,5),(12931,'ADI DOUBLE DECK','2017-07-01',5,5,5,5,5,5),(12931,'ADI DOUBLE DECK','2017-07-02',5,5,5,5,5,5),(12931,'ADI DOUBLE DECK','2017-07-03',5,5,5,5,5,5),(12931,'ADI DOUBLE DECK','2017-07-04',5,5,5,5,5,5),(12931,'ADI DOUBLE DECK','2017-07-05',5,5,5,5,5,5),(12931,'ADI DOUBLE DECK','2017-07-06',5,5,5,5,5,5),(12931,'ADI DOUBLE DECK','2017-07-07',5,5,5,5,5,5),(12931,'ADI DOUBLE DECK','2017-07-08',5,5,5,5,5,5),(12932,'BCT DOUBLEDECKE','2017-04-10',5,5,5,5,5,5),(12932,'BCT DOUBLEDECKE','2017-04-11',5,5,5,5,5,5),(12932,'BCT DOUBLEDECKE','2017-04-12',5,5,5,5,5,5),(12932,'BCT DOUBLEDECKE','2017-04-13',5,5,5,5,5,5),(12932,'BCT DOUBLEDECKE','2017-04-14',5,5,5,5,5,5),(12932,'BCT DOUBLEDECKE','2017-04-15',5,5,5,5,5,5),(12932,'BCT DOUBLEDECKE','2017-04-16',5,5,5,5,5,5),(12932,'BCT DOUBLEDECKE','2017-04-17',5,5,5,5,5,5),(12932,'BCT DOUBLEDECKE','2017-04-18',5,5,5,5,5,5),(12932,'BCT DOUBLEDECKE','2017-04-19',5,5,5,5,5,5),(12932,'BCT DOUBLEDECKE','2017-04-20',5,5,5,5,5,5),(12932,'BCT DOUBLEDECKE','2017-04-21',5,5,5,5,5,5),(12932,'BCT DOUBLEDECKE','2017-04-22',5,5,5,5,5,5),(12932,'BCT DOUBLEDECKE','2017-04-23',5,5,5,5,5,5),(12932,'BCT DOUBLEDECKE','2017-04-24',5,5,5,5,5,5),(12932,'BCT DOUBLEDECKE','2017-04-25',5,5,5,5,5,5),(12932,'BCT DOUBLEDECKE','2017-04-26',5,5,5,5,5,5),(12932,'BCT DOUBLEDECKE','2017-04-27',5,5,5,5,5,5),(12932,'BCT DOUBLEDECKE','2017-04-28',5,5,5,5,5,5),(12932,'BCT DOUBLEDECKE','2017-04-29',5,5,5,5,5,5),(12932,'BCT DOUBLEDECKE','2017-04-30',5,5,5,5,5,5),(12932,'BCT DOUBLEDECKE','2017-05-01',5,5,5,5,5,5),(12932,'BCT DOUBLEDECKE','2017-05-02',5,5,5,5,5,5),(12932,'BCT DOUBLEDECKE','2017-05-03',5,5,5,5,5,5),(12932,'BCT DOUBLEDECKE','2017-05-04',5,5,5,5,5,5),(12932,'BCT DOUBLEDECKE','2017-05-05',5,5,5,5,5,5),(12932,'BCT DOUBLEDECKE','2017-05-06',5,5,5,5,5,5),(12932,'BCT DOUBLEDECKE','2017-05-07',5,5,5,5,5,5),(12932,'BCT DOUBLEDECKE','2017-05-08',5,5,5,5,5,5),(12932,'BCT DOUBLEDECKE','2017-05-09',5,5,5,5,5,5),(12932,'BCT DOUBLEDECKE','2017-05-10',5,5,5,5,5,5),(12932,'BCT DOUBLEDECKE','2017-05-11',5,5,5,5,5,5),(12932,'BCT DOUBLEDECKE','2017-05-12',5,5,5,5,5,5),(12932,'BCT DOUBLEDECKE','2017-05-13',5,5,5,5,5,5),(12932,'BCT DOUBLEDECKE','2017-05-14',5,5,5,5,5,5),(12932,'BCT DOUBLEDECKE','2017-05-15',5,5,5,5,5,5),(12932,'BCT DOUBLEDECKE','2017-05-16',5,5,5,5,5,5),(12932,'BCT DOUBLEDECKE','2017-05-17',5,5,5,5,5,5),(12932,'BCT DOUBLEDECKE','2017-05-18',5,5,5,5,5,5),(12932,'BCT DOUBLEDECKE','2017-05-19',5,5,5,5,5,5),(12932,'BCT DOUBLEDECKE','2017-05-20',5,5,5,5,5,5),(12932,'BCT DOUBLEDECKE','2017-05-21',5,5,5,5,5,5),(12932,'BCT DOUBLEDECKE','2017-05-22',5,5,5,5,5,5),(12932,'BCT DOUBLEDECKE','2017-05-23',5,5,5,5,5,5),(12932,'BCT DOUBLEDECKE','2017-05-24',5,5,5,5,5,5),(12932,'BCT DOUBLEDECKE','2017-05-25',5,5,5,5,5,5),(12932,'BCT DOUBLEDECKE','2017-05-26',5,5,5,5,5,5),(12932,'BCT DOUBLEDECKE','2017-05-27',5,5,5,5,5,5),(12932,'BCT DOUBLEDECKE','2017-05-28',5,5,5,5,5,5),(12932,'BCT DOUBLEDECKE','2017-05-29',5,5,5,5,5,5),(12932,'BCT DOUBLEDECKE','2017-05-30',5,5,5,5,5,5),(12932,'BCT DOUBLEDECKE','2017-05-31',-3,3,5,5,5,5),(12932,'BCT DOUBLEDECKE','2017-06-01',5,5,5,5,5,5),(12932,'BCT DOUBLEDECKE','2017-06-02',5,5,5,5,5,5),(12932,'BCT DOUBLEDECKE','2017-06-03',5,5,5,5,5,5),(12932,'BCT DOUBLEDECKE','2017-06-04',5,5,5,5,5,5),(12932,'BCT DOUBLEDECKE','2017-06-05',5,5,5,5,5,5),(12932,'BCT DOUBLEDECKE','2017-06-06',5,5,5,5,5,5),(12932,'BCT DOUBLEDECKE','2017-06-07',5,5,5,5,5,5),(12932,'BCT DOUBLEDECKE','2017-06-08',5,5,5,5,5,5),(12932,'BCT DOUBLEDECKE','2017-06-09',5,5,5,5,5,5),(12932,'BCT DOUBLEDECKE','2017-06-10',5,5,5,5,5,5),(12932,'BCT DOUBLEDECKE','2017-06-11',5,5,5,5,5,5),(12932,'BCT DOUBLEDECKE','2017-06-12',5,5,5,5,5,5),(12932,'BCT DOUBLEDECKE','2017-06-13',5,5,5,5,5,5),(12932,'BCT DOUBLEDECKE','2017-06-14',5,5,5,5,5,5),(12932,'BCT DOUBLEDECKE','2017-06-15',5,5,5,5,5,5),(12932,'BCT DOUBLEDECKE','2017-06-16',5,5,5,5,5,5),(12932,'BCT DOUBLEDECKE','2017-06-17',5,5,5,5,5,5),(12932,'BCT DOUBLEDECKE','2017-06-18',5,5,5,5,5,5),(12932,'BCT DOUBLEDECKE','2017-06-19',5,5,5,5,5,5),(12932,'BCT DOUBLEDECKE','2017-06-20',5,5,5,5,5,5),(12932,'BCT DOUBLEDECKE','2017-06-21',5,5,5,5,5,5),(12932,'BCT DOUBLEDECKE','2017-06-22',5,5,5,5,5,5),(12932,'BCT DOUBLEDECKE','2017-06-23',5,5,5,5,5,5),(12932,'BCT DOUBLEDECKE','2017-06-24',5,5,5,5,5,5),(12932,'BCT DOUBLEDECKE','2017-06-25',5,5,5,5,5,5),(12932,'BCT DOUBLEDECKE','2017-06-26',5,5,5,5,5,5),(12932,'BCT DOUBLEDECKE','2017-06-27',5,5,5,5,5,5),(12932,'BCT DOUBLEDECKE','2017-06-28',5,5,5,5,5,5),(12932,'BCT DOUBLEDECKE','2017-06-29',5,5,5,5,5,5),(12932,'BCT DOUBLEDECKE','2017-06-30',5,5,5,5,5,5),(12932,'BCT DOUBLEDECKE','2017-07-01',5,5,5,5,5,5),(12932,'BCT DOUBLEDECKE','2017-07-02',5,5,5,5,5,5),(12932,'BCT DOUBLEDECKE','2017-07-03',5,5,5,5,5,5),(12932,'BCT DOUBLEDECKE','2017-07-04',5,5,5,5,5,5),(12932,'BCT DOUBLEDECKE','2017-07-05',5,5,5,5,5,5),(12932,'BCT DOUBLEDECKE','2017-07-06',5,5,5,5,5,5),(12932,'BCT DOUBLEDECKE','2017-07-07',5,5,5,5,5,5),(12932,'BCT DOUBLEDECKE','2017-07-08',5,5,5,5,5,5),(12952,'MUMBAI RAJDHANI','2017-04-10',5,5,5,5,5,5),(12952,'MUMBAI RAJDHANI','2017-04-11',5,5,5,5,5,5),(12952,'MUMBAI RAJDHANI','2017-04-12',5,5,5,5,5,5),(12952,'MUMBAI RAJDHANI','2017-04-13',5,5,5,5,5,5),(12952,'MUMBAI RAJDHANI','2017-04-14',5,5,5,5,5,5),(12952,'MUMBAI RAJDHANI','2017-04-15',5,5,5,5,5,5),(12952,'MUMBAI RAJDHANI','2017-04-16',5,5,5,5,5,5),(12952,'MUMBAI RAJDHANI','2017-04-17',5,5,5,5,5,5),(12952,'MUMBAI RAJDHANI','2017-04-18',5,5,5,5,5,5),(12952,'MUMBAI RAJDHANI','2017-04-19',5,5,5,5,5,5),(12952,'MUMBAI RAJDHANI','2017-04-20',5,5,5,5,5,5),(12952,'MUMBAI RAJDHANI','2017-04-21',5,5,5,5,5,5),(12952,'MUMBAI RAJDHANI','2017-04-22',5,5,5,5,5,5),(12952,'MUMBAI RAJDHANI','2017-04-23',5,5,5,5,5,5),(12952,'MUMBAI RAJDHANI','2017-04-24',5,5,5,5,5,5),(12952,'MUMBAI RAJDHANI','2017-04-25',5,5,5,5,5,5),(12952,'MUMBAI RAJDHANI','2017-04-26',5,5,5,5,5,5),(12952,'MUMBAI RAJDHANI','2017-04-27',5,5,5,5,5,5),(12952,'MUMBAI RAJDHANI','2017-04-28',5,5,5,5,5,5),(12952,'MUMBAI RAJDHANI','2017-04-29',5,5,5,5,5,5),(12952,'MUMBAI RAJDHANI','2017-04-30',5,5,5,5,5,5),(12952,'MUMBAI RAJDHANI','2017-05-01',5,5,5,5,5,5),(12952,'MUMBAI RAJDHANI','2017-05-02',5,5,5,5,5,5),(12952,'MUMBAI RAJDHANI','2017-05-03',5,5,5,5,5,5),(12952,'MUMBAI RAJDHANI','2017-05-04',5,5,5,5,5,5),(12952,'MUMBAI RAJDHANI','2017-05-05',5,5,5,5,5,5),(12952,'MUMBAI RAJDHANI','2017-05-06',5,5,5,5,5,5),(12952,'MUMBAI RAJDHANI','2017-05-07',5,5,5,5,5,5),(12952,'MUMBAI RAJDHANI','2017-05-08',5,5,5,5,5,5),(12952,'MUMBAI RAJDHANI','2017-05-09',5,5,5,5,5,5),(12952,'MUMBAI RAJDHANI','2017-05-10',5,5,5,5,5,5),(12952,'MUMBAI RAJDHANI','2017-05-11',5,5,5,5,5,5),(12952,'MUMBAI RAJDHANI','2017-05-12',5,5,5,5,5,5),(12952,'MUMBAI RAJDHANI','2017-05-13',5,5,5,5,5,5),(12952,'MUMBAI RAJDHANI','2017-05-14',5,5,5,5,5,5),(12952,'MUMBAI RAJDHANI','2017-05-15',5,5,5,5,5,5),(12952,'MUMBAI RAJDHANI','2017-05-16',5,5,5,5,5,5),(12952,'MUMBAI RAJDHANI','2017-05-17',5,5,5,5,5,5),(12952,'MUMBAI RAJDHANI','2017-05-18',5,5,5,5,5,5),(12952,'MUMBAI RAJDHANI','2017-05-19',5,5,5,5,5,5),(12952,'MUMBAI RAJDHANI','2017-05-20',5,5,5,5,5,5),(12952,'MUMBAI RAJDHANI','2017-05-21',5,5,5,5,5,5),(12952,'MUMBAI RAJDHANI','2017-05-22',5,5,5,5,5,5),(12952,'MUMBAI RAJDHANI','2017-05-23',5,5,5,5,5,5),(12952,'MUMBAI RAJDHANI','2017-05-24',5,5,5,5,5,5),(12952,'MUMBAI RAJDHANI','2017-05-25',5,5,5,5,5,5),(12952,'MUMBAI RAJDHANI','2017-05-26',5,5,5,5,5,5),(12952,'MUMBAI RAJDHANI','2017-05-27',5,5,5,5,5,5),(12952,'MUMBAI RAJDHANI','2017-05-28',5,5,5,5,5,5),(12952,'MUMBAI RAJDHANI','2017-05-29',5,5,5,5,5,5),(12952,'MUMBAI RAJDHANI','2017-05-30',5,5,5,5,5,5),(12952,'MUMBAI RAJDHANI','2017-05-31',5,5,5,5,5,5),(12952,'MUMBAI RAJDHANI','2017-06-01',5,5,5,5,5,5),(12952,'MUMBAI RAJDHANI','2017-06-02',5,5,5,5,5,5),(12952,'MUMBAI RAJDHANI','2017-06-03',5,5,5,5,5,5),(12952,'MUMBAI RAJDHANI','2017-06-04',5,5,5,5,5,5),(12952,'MUMBAI RAJDHANI','2017-06-05',5,5,5,5,5,5),(12952,'MUMBAI RAJDHANI','2017-06-06',5,5,5,5,5,5),(12952,'MUMBAI RAJDHANI','2017-06-07',5,5,5,5,5,5),(12952,'MUMBAI RAJDHANI','2017-06-08',5,5,5,5,5,5),(12952,'MUMBAI RAJDHANI','2017-06-09',5,5,5,5,5,5),(12952,'MUMBAI RAJDHANI','2017-06-10',5,5,5,5,5,5),(12952,'MUMBAI RAJDHANI','2017-06-11',5,5,5,5,5,5),(12952,'MUMBAI RAJDHANI','2017-06-12',5,5,5,5,5,5),(12952,'MUMBAI RAJDHANI','2017-06-13',5,5,5,5,5,5),(12952,'MUMBAI RAJDHANI','2017-06-14',5,5,5,5,5,5),(12952,'MUMBAI RAJDHANI','2017-06-15',5,5,5,5,5,5),(12952,'MUMBAI RAJDHANI','2017-06-16',5,5,5,5,5,5),(12952,'MUMBAI RAJDHANI','2017-06-17',5,5,5,5,5,5),(12952,'MUMBAI RAJDHANI','2017-06-18',5,5,5,5,5,5),(12952,'MUMBAI RAJDHANI','2017-06-19',5,5,5,5,5,5),(12952,'MUMBAI RAJDHANI','2017-06-20',5,5,5,5,5,5),(12952,'MUMBAI RAJDHANI','2017-06-21',5,5,5,5,5,5),(12952,'MUMBAI RAJDHANI','2017-06-22',5,5,5,5,5,5),(12952,'MUMBAI RAJDHANI','2017-06-23',5,5,5,5,5,5),(12952,'MUMBAI RAJDHANI','2017-06-24',5,5,5,5,5,5),(12952,'MUMBAI RAJDHANI','2017-06-25',5,5,5,5,5,5),(12952,'MUMBAI RAJDHANI','2017-06-26',5,5,5,5,5,5),(12952,'MUMBAI RAJDHANI','2017-06-27',5,5,5,5,5,5),(12952,'MUMBAI RAJDHANI','2017-06-28',5,5,5,5,5,5),(12952,'MUMBAI RAJDHANI','2017-06-29',5,5,5,5,5,5),(12952,'MUMBAI RAJDHANI','2017-06-30',5,5,5,5,5,5),(12952,'MUMBAI RAJDHANI','2017-07-01',5,5,5,5,5,5),(12952,'MUMBAI RAJDHANI','2017-07-02',5,5,5,5,5,5),(12952,'MUMBAI RAJDHANI','2017-07-03',5,5,5,5,5,5),(12952,'MUMBAI RAJDHANI','2017-07-04',5,5,5,5,5,5),(12952,'MUMBAI RAJDHANI','2017-07-05',5,5,5,5,5,5),(12952,'MUMBAI RAJDHANI','2017-07-06',5,5,5,5,5,5),(12952,'MUMBAI RAJDHANI','2017-07-07',5,5,5,5,5,5),(12952,'MUMBAI RAJDHANI','2017-07-08',5,5,5,5,5,5),(19011,'GUJARAT EXPRESS','2017-04-10',5,5,5,5,5,5),(19011,'GUJARAT EXPRESS','2017-04-11',5,5,5,5,5,5),(19011,'GUJARAT EXPRESS','2017-04-12',5,5,5,5,5,5),(19011,'GUJARAT EXPRESS','2017-04-13',5,5,5,5,5,5),(19011,'GUJARAT EXPRESS','2017-04-14',5,5,5,5,5,5),(19011,'GUJARAT EXPRESS','2017-04-15',5,5,5,5,5,5),(19011,'GUJARAT EXPRESS','2017-04-16',5,5,5,5,5,5),(19011,'GUJARAT EXPRESS','2017-04-17',5,5,5,5,5,5),(19011,'GUJARAT EXPRESS','2017-04-18',5,5,5,5,5,5),(19011,'GUJARAT EXPRESS','2017-04-19',5,5,5,5,5,5),(19011,'GUJARAT EXPRESS','2017-04-20',5,5,5,5,5,5),(19011,'GUJARAT EXPRESS','2017-04-21',5,5,5,5,5,5),(19011,'GUJARAT EXPRESS','2017-04-22',5,5,5,5,5,5),(19011,'GUJARAT EXPRESS','2017-04-23',5,5,5,5,5,5),(19011,'GUJARAT EXPRESS','2017-04-24',5,5,5,5,5,5),(19011,'GUJARAT EXPRESS','2017-04-25',5,5,5,5,5,5),(19011,'GUJARAT EXPRESS','2017-04-26',5,5,5,5,5,5),(19011,'GUJARAT EXPRESS','2017-04-27',5,5,5,5,5,5),(19011,'GUJARAT EXPRESS','2017-04-28',5,5,5,5,5,5),(19011,'GUJARAT EXPRESS','2017-04-29',5,5,5,5,5,5),(19011,'GUJARAT EXPRESS','2017-04-30',4,5,5,5,5,5),(19011,'GUJARAT EXPRESS','2017-05-01',5,5,5,5,5,5),(19011,'GUJARAT EXPRESS','2017-05-02',5,5,5,5,5,5),(19011,'GUJARAT EXPRESS','2017-05-03',5,5,5,5,5,5),(19011,'GUJARAT EXPRESS','2017-05-04',5,5,5,5,5,5),(19011,'GUJARAT EXPRESS','2017-05-05',5,5,5,5,5,5),(19011,'GUJARAT EXPRESS','2017-05-06',5,5,5,5,5,5),(19011,'GUJARAT EXPRESS','2017-05-07',5,5,5,5,5,5),(19011,'GUJARAT EXPRESS','2017-05-08',5,5,5,5,5,5),(19011,'GUJARAT EXPRESS','2017-05-09',5,5,5,5,5,5),(19011,'GUJARAT EXPRESS','2017-05-10',5,5,5,5,5,5),(19011,'GUJARAT EXPRESS','2017-05-11',5,5,5,5,5,5),(19011,'GUJARAT EXPRESS','2017-05-12',5,5,5,5,5,5),(19011,'GUJARAT EXPRESS','2017-05-13',5,5,5,5,5,5),(19011,'GUJARAT EXPRESS','2017-05-14',5,5,5,5,5,5),(19011,'GUJARAT EXPRESS','2017-05-15',5,5,5,5,5,5),(19011,'GUJARAT EXPRESS','2017-05-16',5,5,5,5,5,5),(19011,'GUJARAT EXPRESS','2017-05-17',5,5,5,5,5,5),(19011,'GUJARAT EXPRESS','2017-05-18',5,5,5,5,5,5),(19011,'GUJARAT EXPRESS','2017-05-19',5,5,5,5,5,5),(19011,'GUJARAT EXPRESS','2017-05-20',5,5,5,5,5,5),(19011,'GUJARAT EXPRESS','2017-05-21',5,5,5,5,5,5),(19011,'GUJARAT EXPRESS','2017-05-22',5,5,5,5,5,5),(19011,'GUJARAT EXPRESS','2017-05-23',5,5,5,5,5,5),(19011,'GUJARAT EXPRESS','2017-05-24',5,5,5,5,5,5),(19011,'GUJARAT EXPRESS','2017-05-25',5,5,5,5,5,5),(19011,'GUJARAT EXPRESS','2017-05-26',5,5,5,5,5,5),(19011,'GUJARAT EXPRESS','2017-05-27',5,5,5,5,5,5),(19011,'GUJARAT EXPRESS','2017-05-28',5,5,5,5,5,5),(19011,'GUJARAT EXPRESS','2017-05-29',5,5,5,5,5,5),(19011,'GUJARAT EXPRESS','2017-05-30',5,5,5,5,5,5),(19011,'GUJARAT EXPRESS','2017-05-31',5,5,5,5,5,5),(19011,'GUJARAT EXPRESS','2017-06-01',5,5,5,5,5,5),(19011,'GUJARAT EXPRESS','2017-06-02',5,5,5,5,5,5),(19011,'GUJARAT EXPRESS','2017-06-03',5,5,5,5,5,5),(19011,'GUJARAT EXPRESS','2017-06-04',5,5,5,5,5,5);
/*!40000 ALTER TABLE `seats_availability` ENABLE KEYS */;
UNLOCK TABLES;

--
-- Table structure for table `train_list`
--

DROP TABLE IF EXISTS `train_list`;
/*!40101 SET @saved_cs_client     = @@character_set_client */;
/*!50503 SET character_set_client = utf8mb4 */;
CREATE TABLE `train_list` (
  `Number` int NOT NULL,
  `Name` varchar(20) NOT NULL,
  `Origin` varchar(20) NOT NULL,
  `Destination` varchar(20) NOT NULL,
  `Arrival` varchar(10) NOT NULL,
  `Departure` varchar(10) NOT NULL,
  `Mon` varchar(2) NOT NULL,
  `Tue` varchar(2) NOT NULL,
  `Wed` varchar(2) NOT NULL,
  `Thu` varchar(2) NOT NULL,
  `Fri` varchar(2) NOT NULL,
  `Sat` varchar(2) NOT NULL,
  `Sun` varchar(2) NOT NULL,
  `1A` int NOT NULL,
  `2A` int NOT NULL,
  `3A` int NOT NULL,
  `SL` int NOT NULL,
  `General` int NOT NULL,
  `Ladies` int NOT NULL,
  `Tatkal` int NOT NULL
) ENGINE=InnoDB DEFAULT CHARSET=latin1;
/*!40101 SET character_set_client = @saved_cs_client */;

--
-- Dumping data for table `train_list`
--

LOCK TABLES `train_list` WRITE;
/*!40000 ALTER TABLE `train_list` DISABLE KEYS */;
INSERT INTO `train_list` VALUES (12009,'SHATABDI EXP','BCT','ADI','22:15','06:25','Y','Y','Y','Y','Y','Y','N',2500,1000,500,250,2,1,3),(12931,'ADI DOUBLE DECK','BCT','ADI','First st','14:20','Y','Y','Y','Y','Y','Y','N',2500,1000,500,250,2,1,3),(12932,'BCT DOUBLEDECKE','ADI','BCT','13:00','Last st','Y','Y','Y','Y','Y','Y','N',2500,1000,500,250,2,1,3),(12952,'MUMBAI RAJDHANI','NDLS','BCT','08:25','last st','Y','Y','Y','Y','Y','Y','Y',2500,1000,500,250,2,1,3),(19011,'GUJARAT EXPRESS','ADI','BCT','16:25','10:35','Y','Y','Y','Y','Y','Y','Y',2500,1000,500,250,2,1,3),(22210,'BCT DURONTO','NDLS','BCT','16:15','Last st','N','N','Y','N','N','N','Y',2500,1000,500,250,2,1,3),(22220,'BCT DURONTO','NDLS','BCT','16:15','Last st','N','N','Y','N','N','N','Y',2500,1000,500,250,2,1,3),(22222,'BCT DURONTO','NDLS','BCT','16:15','Last st','N','N','Y','N','N','N','Y',2500,1000,500,250,2,1,3),(25222,'BCT DURONTO','NDLS','BCT','16:15','Last st','N','N','Y','N','N','N','Y',2500,1000,500,250,2,1,3),(29333,'KARNAVATI EXP','AHMD','BCT','08:05','21:10','Y','Y','Y','N','Y','N','Y',2500,1000,500,250,2,1,3),(59442,'AHMEDABAD PASS','ADI','BCT','04:35','1:35','Y','Y','Y','Y','Y','Y','Y',2500,1000,500,250,2,1,3);
/*!40000 ALTER TABLE `train_list` ENABLE KEYS */;
UNLOCK TABLES;

--
-- Table structure for table `users`
--

DROP TABLE IF EXISTS `users`;
/*!40101 SET @saved_cs_client     = @@character_set_client */;
/*!50503 SET character_set_client = utf8mb4 */;
CREATE TABLE `users` (
  `f_name` varchar(50) NOT NULL,
  `l_name` varchar(50) NOT NULL,
  `email` varchar(50) NOT NULL,
  `password` varchar(20) NOT NULL,
  `gender` varchar(10) NOT NULL,
  `marital` varchar(10) NOT NULL,
  `dob` varchar(20) NOT NULL,
  `mobile` bigint NOT NULL,
  `ques` varchar(100) NOT NULL,
  `ans` varchar(100) NOT NULL
) ENGINE=InnoDB DEFAULT CHARSET=latin1;
/*!40101 SET character_set_client = @saved_cs_client */;

--
-- Dumping data for table `users`
--

LOCK TABLES `users` WRITE;
/*!40000 ALTER TABLE `users` DISABLE KEYS */;
INSERT INTO `users` VALUES ('ayush','tripathi','ayushtripathi51@gmail.com','123456789','male','unmarried','1999-04-02',9453890182,'What was the name of your first school?','123'),('Rahul','Joshi','rahul@gmail.com','123456','male','unmarried','1973',9591771690,'What was the name of your first school?','rmsa');
/*!40000 ALTER TABLE `users` ENABLE KEYS */;
UNLOCK TABLES;
/*!40103 SET TIME_ZONE=@OLD_TIME_ZONE */;

/*!40101 SET SQL_MODE=@OLD_SQL_MODE */;
/*!40014 SET FOREIGN_KEY_CHECKS=@OLD_FOREIGN_KEY_CHECKS */;
/*!40014 SET UNIQUE_CHECKS=@OLD_UNIQUE_CHECKS */;
/*!40101 SET CHARACTER_SET_CLIENT=@OLD_CHARACTER_SET_CLIENT */;
/*!40101 SET CHARACTER_SET_RESULTS=@OLD_CHARACTER_SET_RESULTS */;
/*!40101 SET COLLATION_CONNECTION=@OLD_COLLATION_CONNECTION */;
/*!40111 SET SQL_NOTES=@OLD_SQL_NOTES */;

-- Dump completed on 2021-07-05 21:53:39
